covid-website,neighbor
aizawl,aizwal
angul,anugul
ashoknagar,ashok nagar
balasore,baleshwar
budgam,badgam
ballari,bellary
bametara,bemetara
beed,bid
belagavi,belgaum
bengaluru rural,bangalore rural
bengaluru urban,bangalore urban
biswanath,bishwanath
chamarajanagara,chamarajanagar
cooch behar,kochbihar
boudh,baudh
devbhumi dwarka,devbhumi dwaraka
fatehgarh sahib,fategarh sahib
ferozepur,firozpur
gondia,gondiya
hooghly,hugli
jalore,jalor
jajpur,jajapur
janjgir champa,janjgir-champa
jhunjhunu,jhunjhunun
kabeerdham,kabirdham
kaimur,kaimur (bhabua)
kancheepuram,kanchipuram
karbi anglong,east karbi anglong
koderma,kodarma
komaram bheem,komram bheem
lahaul and spiti,lahul and spiti
deogarh,debagarh
banaskantha,banas kantha
baramulla,baramula
dang,the dangs
dakshin bastar dantewada,dantewada
dholpur,dhaulpur
east champaran,purba champaran
east singhbhum,purbi singhbhum
ayodhya,faizabad
amroha,jyotiba phule nagar
bhadohi,sant ravidas nagar
jagatsinghpur,jagatsinghapur
lakhimpur kheri,kheri
maharajganj,mahrajganj
malda,maldah
medchal malkajgiri,medchal–malkajgiri
mehsana,mahesana
morigaon,marigaon
nandurbar,nandubar
narsinghpur,narsimhapur
navsari,nav sari
nilgiris,the nilgiris
palakkad,palghat
pakur,pakaur
panchmahal,panch mahal
pathanamthitta,pattanamtitta
purulia,puruliya
rae bareli,rae bareilly
rajouri,rajauri
ranga reddy,rangareddy
ribhoi,ri-bhoi
s.a.s. nagar,sahibzada ajit singh nagar
s.p.s. nellore,sri potti sriramulu nellore
sabarkantha,sabar kantha
sant kabir nagar,sait kibir nagar
saraikela-kharsawan,seraikela kharsawan
shahid bhagat singh nagar,shaheed bhagat singh nagar
shivamogga,shimoga
shopiyan,shopian
shrawasti,sharawasti
siddharthnagar,siddharth nagar
sipahijala,sepahijala
sivaganga,sivagangai
south salmara mankachar,south salmara-mankachar
sri muktsar sahib,muktsar
subarnapur,sonapur
thoothukkudi,thoothukudi
tiruchirappalli,tiruchchirappalli
tirunelveli,tirunelveli kattabo
tiruvannamalai,tiruvanamalai
tumakuru,tumkur
west champaran,pashchim champaran
west singhbhum,pashchimi singhbhum
y.s.r. kadapa,ysr
yadgir,yadagiri
ganganagar,sri ganganagar
